{"stats":{"minecraft:custom":{"minecraft:jump":19,"minecraft:time_since_rest":661,"minecraft:leave_game":1,"minecraft:sprint_one_cm":1450,"minecraft:play_time":661,"minecraft:damage_taken":190,"minecraft:time_since_death":661,"minecraft:walk_one_cm":1532,"minecraft:climb_one_cm":730,"minecraft:total_world_time":661,"minecraft:fall_one_cm":3075,"minecraft:fly_one_cm":2718},"minecraft:picked_up":{"minecraft:dirt":1},"minecraft:mined":{"minecraft:grass_block":1,"minecraft:jungle_leaves":2,"minecraft:oak_leaves":3}},"DataVersion":3465}